"id4","sex","AGECAT"
3303,"Boy",13
7443,"Girl",15
1297,"Girl",11
4775,"Boy",13
1906,"Girl",11
1149,"Boy",11
2749,"Girl",13
2391,"Girl",11
3773,"Boy",13
4944,"Boy",13
2806,"Boy",13
215,"Boy",11
4540,"Boy",13
2843,"Boy",13
2718,"Girl",13
5501,"Girl",15
6332,"Girl",15
796,"Girl",11
7631,"Boy",15
82,"Girl",11
2073,"Boy",11
792,"Boy",11
404,"Boy",11
7411,"Boy",15
6271,"Boy",15
2936,"Girl",13
6976,"Girl",15
4621,"Girl",13
3089,"Boy",13
7702,"Boy",15
5735,"Boy",15
721,"Boy",11
1076,"Girl",11
5156,"Boy",15
5531,"Girl",15
686,"Girl",11
6772,"Boy",15
3595,"Boy",13
5302,"Boy",15
5556,"Boy",15
7068,"Girl",15
4447,"Girl",13
1081,"Boy",11
3298,"Boy",13
2298,"Girl",11
1563,"Boy",11
5351,"Girl",15
2826,"Girl",13
7161,"Boy",15
3550,"Boy",13
5992,"Boy",15
7664,"Boy",15
4663,"Girl",13
5625,"Girl",15
2887,"Boy",13
3031,"Boy",13
4071,"Girl",13
4416,"Boy",13
1063,"Boy",11
3113,"Girl",13
585,"Girl",11
1510,"Girl",11
6217,"Girl",15
481,"Boy",11
5734,"Girl",15
3077,"Girl",13
4136,"Boy",13
6712,"Girl",15
3838,"Boy",13
4189,"Girl",13
6425,"Boy",15
7170,"Boy",15
1015,"Boy",11
5049,"Boy",15
3978,"Boy",13
6727,"Boy",15
5413,"Girl",15
6416,"Boy",15
2180,"Boy",11
1470,"Boy",11
6315,"Girl",15
4994,"Girl",13
1534,"Boy",11
764,"Boy",11
4123,"Boy",13
7572,"Girl",15
7064,"Girl",15
985,"Girl",11
5541,"Girl",15
4620,"Boy",13
280,"Boy",11
2797,"Boy",13
1567,"Girl",11
6367,"Boy",15
7044,"Girl",15
5815,"Girl",15
1564,"Boy",11
3251,"Girl",13
7080,"Boy",15
5914,"Boy",15
74,"Boy",11
3895,"Girl",13
4737,"Girl",13
1903,"Boy",11
2087,"Girl",11
226,"Girl",11
6996,"Boy",15
3594,"Boy",13
2201,"Boy",11
5198,"Girl",15
7173,"Girl",15
1798,"Girl",11
2786,"Boy",13
2342,"Girl",11
1664,"Boy",11
2846,"Girl",13
194,"Boy",11
4625,"Boy",13
84,"Girl",11
1095,"Girl",11
2403,"Girl",11
3100,"Girl",13
2755,"Boy",13
5023,"Girl",13
1338,"Boy",11
3658,"Girl",13
5424,"Boy",15
2911,"Boy",13
3943,"Girl",13
2975,"Boy",13
4873,"Boy",13
4829,"Girl",13
7613,"Boy",15
5946,"Girl",15
6107,"Girl",15
5816,"Girl",15
2181,"Girl",11
6165,"Girl",15
4939,"Girl",13
4787,"Boy",13
5096,"Girl",15
3825,"Boy",13
5016,"Girl",13
5464,"Girl",15
2771,"Girl",13
2095,"Boy",11
3065,"Girl",13
5513,"Girl",15
4032,"Boy",13
2212,"Boy",11
5272,"Boy",15
2555,"Girl",11
6171,"Girl",15
401,"Girl",11
6857,"Girl",15
4596,"Girl",13
3598,"Boy",13
6497,"Girl",15
3293,"Girl",13
1492,"Girl",11
275,"Boy",11
6875,"Boy",15
5109,"Boy",15
6063,"Girl",15
6440,"Girl",15
4822,"Girl",13
4996,"Girl",15
5442,"Boy",15
1220,"Girl",11
2236,"Girl",11
1917,"Boy",11
2694,"Boy",13
4267,"Boy",13
3355,"Girl",13
4654,"Girl",13
4919,"Girl",13
4204,"Boy",13
6794,"Boy",15
1237,"Boy",11
6144,"Boy",15
6659,"Boy",15
6006,"Girl",15
7562,"Girl",15
1146,"Boy",11
829,"Boy",11
600,"Boy",11
2847,"Girl",13
542,"Girl",11
5395,"Boy",15
1818,"Boy",11
5352,"Boy",15
1198,"Boy",11
7458,"Boy",15
3359,"Girl",13
5526,"Girl",15
3824,"Boy",13
4310,"Boy",13
5532,"Girl",15
1291,"Boy",11
3922,"Girl",13
529,"Boy",11
5568,"Girl",15
5485,"Boy",15
7433,"Boy",15
2327,"Boy",11
3133,"Boy",13
7021,"Boy",15
4656,"Girl",13
1671,"Girl",11
586,"Boy",11
3180,"Boy",13
6526,"Boy",15
261,"Boy",11
1286,"Girl",11
2320,"Girl",11
376,"Girl",11
7476,"Girl",15
4322,"Boy",13
6278,"Girl",15
2284,"Boy",11
1465,"Boy",11
6892,"Boy",15
87,"Girl",11
3999,"Girl",13
4427,"Boy",13
7619,"Girl",15
3537,"Boy",13
6975,"Girl",15
3592,"Boy",13
430,"Boy",11
6846,"Girl",15
4233,"Boy",13
204,"Girl",11
3718,"Boy",13
6252,"Girl",15
3977,"Boy",13
7824,"Girl",15
203,"Boy",11
627,"Boy",11
6087,"Boy",15
4262,"Boy",13
625,"Girl",11
5140,"Boy",15
6508,"Boy",15
5408,"Boy",15
6556,"Boy",15
4117,"Girl",13
6381,"Girl",15
417,"Boy",11
2576,"Boy",11
5453,"Girl",15
1478,"Boy",11
2149,"Girl",11
5143,"Boy",15
2989,"Boy",13
5955,"Boy",15
1935,"Boy",11
7865,"Girl",15
7588,"Girl",15
5451,"Boy",15
3035,"Boy",13
320,"Girl",11
1156,"Girl",11
386,"Girl",11
831,"Boy",11
6867,"Girl",15
1020,"Boy",11
6525,"Girl",15
3434,"Girl",13
2340,"Girl",11
6465,"Boy",15
5998,"Girl",15
5471,"Girl",15
6612,"Boy",15
966,"Girl",11
2573,"Boy",11
6956,"Boy",15
3853,"Boy",13
3105,"Boy",13
3227,"Girl",13
2765,"Girl",13
5445,"Boy",15
7516,"Boy",15
5898,"Boy",15
365,"Girl",11
6732,"Boy",15
1344,"Boy",13
6500,"Girl",15
5193,"Girl",15
1793,"Girl",11
843,"Girl",11
1963,"Girl",11
2964,"Boy",13
3739,"Boy",13
6852,"Boy",15
3078,"Girl",13
5183,"Girl",15
35,"Boy",11
6274,"Girl",15
2354,"Boy",11
4747,"Girl",13
5218,"Girl",15
2297,"Boy",11
4846,"Boy",13
6968,"Boy",15
2206,"Boy",11
5072,"Boy",15
7066,"Girl",15
1591,"Girl",11
79,"Girl",11
3505,"Girl",13
1056,"Boy",11
3226,"Girl",13
7115,"Girl",15
2953,"Boy",13
4913,"Boy",13
1485,"Boy",11
3423,"Girl",13
7501,"Girl",15
4304,"Girl",13
362,"Boy",11
2802,"Girl",13
7687,"Girl",15
4690,"Girl",13
587,"Girl",11
1246,"Boy",11
842,"Girl",11
1272,"Girl",11
3960,"Girl",13
3586,"Girl",13
6263,"Girl",15
1626,"Girl",11
2848,"Girl",13
4070,"Boy",13
865,"Boy",11
4476,"Girl",13
2138,"Boy",11
2750,"Boy",13
3501,"Girl",13
4688,"Girl",13
5576,"Boy",15
5571,"Girl",15
899,"Boy",11
4929,"Boy",13
3016,"Girl",15
37,"Girl",11
5516,"Girl",15
2040,"Boy",11
5229,"Boy",15
1921,"Girl",11
6662,"Girl",15
3119,"Girl",13
6062,"Girl",15
5286,"Girl",15
2588,"Girl",11
910,"Girl",11
3581,"Girl",13
1612,"Girl",11
5499,"Boy",15
5866,"Girl",15
3124,"Girl",13
7093,"Girl",15
220,"Girl",11
1936,"Boy",11
4116,"Girl",13
7415,"Girl",15
3393,"Girl",13
4144,"Girl",13
431,"Boy",11
322,"Girl",11
2096,"Girl",11
932,"Boy",11
4253,"Boy",13
7303,"Boy",15
7000,"Girl",15
1681,"Girl",11
6894,"Boy",15
2867,"Girl",13
2637,"Girl",11
6265,"Girl",15
757,"Boy",11
2833,"Girl",13
6391,"Boy",15
2074,"Girl",11
1399,"Girl",11
7402,"Girl",15
2434,"Boy",11
3842,"Girl",13
1970,"Girl",11
3137,"Boy",13
1439,"Girl",11
2958,"Girl",13
2600,"Boy",11
1693,"Girl",11
3118,"Boy",13
6761,"Girl",15
3314,"Girl",13
5780,"Boy",15
6656,"Boy",15
3926,"Boy",13
4573,"Girl",13
4584,"Boy",13
5537,"Boy",15
7663,"Girl",15
1115,"Boy",11
7253,"Boy",15
3473,"Boy",13
4754,"Girl",13
784,"Boy",11
6376,"Boy",15
1280,"Boy",11
7604,"Girl",15
5247,"Boy",15
5817,"Girl",15
1727,"Girl",11
137,"Girl",11
565,"Boy",11
3539,"Girl",13
7467,"Boy",15
1250,"Girl",11
6876,"Girl",15
4393,"Boy",13
2834,"Girl",13
6228,"Boy",15
5910,"Boy",15
5492,"Girl",15
4736,"Girl",13
5789,"Boy",15
3247,"Girl",13
1845,"Boy",11
7144,"Girl",15
2628,"Girl",11
7365,"Boy",15
4700,"Girl",13
6557,"Boy",15
2259,"Girl",11
7375,"Girl",15
1300,"Boy",11
2233,"Boy",11
1997,"Girl",11
7264,"Girl",15
6197,"Boy",15
5482,"Girl",15
5657,"Boy",15
5251,"Boy",15
7465,"Girl",15
4821,"Girl",13
7055,"Girl",15
5862,"Girl",15
6844,"Boy",15
4203,"Boy",13
7684,"Boy",15
814,"Girl",11
2076,"Boy",11
7825,"Girl",15
1042,"Girl",11
4975,"Girl",13
1312,"Girl",11
4875,"Girl",13
4793,"Boy",13
2471,"Girl",11
6705,"Boy",15
4525,"Boy",13
5699,"Boy",15
2170,"Girl",11
2763,"Boy",13
5095,"Girl",15
2678,"Girl",11
4006,"Girl",13
2915,"Girl",13
5111,"Girl",15
3318,"Girl",13
7778,"Boy",15
1353,"Girl",11
3811,"Girl",13
7545,"Boy",15
355,"Girl",11
2416,"Boy",11
6926,"Girl",15
4985,"Boy",13
1988,"Boy",11
7263,"Girl",15
1889,"Boy",11
1790,"Boy",11
635,"Girl",11
436,"Boy",11
3024,"Girl",13
3475,"Boy",13
2400,"Boy",11
5086,"Boy",15
4536,"Girl",13
4918,"Girl",13
2548,"Girl",11
7506,"Boy",15
6492,"Girl",15
7218,"Boy",15
2762,"Boy",13
7842,"Girl",15
3906,"Girl",13
4598,"Boy",13
3573,"Girl",13
3480,"Boy",13
7782,"Boy",15
2190,"Girl",11
4214,"Boy",13
846,"Boy",11
192,"Boy",11
6816,"Girl",15
4433,"Boy",13
38,"Girl",11
4063,"Girl",13
3886,"Girl",13
4091,"Boy",13
589,"Girl",11
1883,"Boy",11
1472,"Girl",11
6032,"Boy",15
1227,"Girl",11
3935,"Girl",13
4199,"Girl",13
6450,"Boy",15
5003,"Girl",13
699,"Boy",11
5705,"Girl",15
575,"Boy",11
1820,"Girl",11
3197,"Boy",13
4077,"Girl",13
4401,"Girl",13
6458,"Boy",15
6677,"Boy",15
4753,"Girl",13
2578,"Girl",11
6766,"Boy",15
4335,"Girl",13
7860,"Boy",15
1100,"Girl",11
3899,"Boy",13
3329,"Boy",13
3040,"Girl",13
6105,"Girl",15
7779,"Girl",15
4472,"Girl",13
2237,"Boy",11
202,"Girl",11
6804,"Girl",15
358,"Boy",11
5076,"Girl",15
2601,"Girl",11
6709,"Boy",15
6294,"Girl",15
5371,"Boy",15
3844,"Girl",13
6262,"Girl",15
1550,"Girl",11
6173,"Boy",15
7236,"Girl",15
7705,"Girl",15
3669,"Girl",13
3680,"Boy",13
2679,"Girl",11
1310,"Boy",11
4876,"Boy",13
5953,"Boy",15
3254,"Girl",13
4072,"Boy",13
5917,"Boy",15
107,"Boy",11
774,"Boy",11
7340,"Girl",15
990,"Boy",11
3554,"Boy",13
6672,"Girl",15
7059,"Boy",15
5864,"Girl",15
482,"Girl",11
7678,"Girl",15
3603,"Boy",13
7081,"Girl",15
6624,"Girl",15
7672,"Girl",15
6997,"Boy",15
6524,"Boy",15
3786,"Boy",13
4618,"Boy",13
5716,"Boy",15
159,"Girl",11
1723,"Girl",11
3205,"Boy",13
7404,"Girl",15
6590,"Girl",15
7609,"Boy",15
706,"Girl",11
1781,"Boy",11
4603,"Boy",13
2167,"Girl",11
1074,"Girl",11
5318,"Girl",15
548,"Boy",11
233,"Boy",11
6126,"Boy",15
4372,"Boy",13
5890,"Girl",15
1849,"Girl",11
174,"Girl",11
90,"Girl",11
1549,"Boy",11
4489,"Boy",13
3738,"Girl",13
7387,"Boy",15
24,"Girl",11
7442,"Boy",15
4518,"Boy",13
5457,"Girl",15
883,"Girl",11
1663,"Boy",11
5258,"Boy",15
6583,"Girl",15
4673,"Girl",13
1646,"Girl",11
4611,"Girl",13
3929,"Girl",13
7492,"Girl",15
3003,"Girl",13
2851,"Girl",13
5410,"Girl",15
4100,"Girl",13
3352,"Boy",13
4028,"Boy",13
742,"Boy",11
6342,"Girl",15
6893,"Boy",15
4542,"Boy",13
63,"Girl",11
4718,"Girl",13
978,"Boy",11
2799,"Boy",13
507,"Boy",11
1108,"Boy",11
1745,"Boy",11
421,"Girl",11
5070,"Boy",15
5976,"Boy",15
1570,"Boy",11
4507,"Boy",13
5060,"Boy",15
3660,"Boy",13
6439,"Girl",15
527,"Girl",11
5409,"Girl",15
7777,"Boy",15
6521,"Boy",15
3039,"Boy",13
959,"Girl",11
7624,"Boy",15
5829,"Girl",15
2744,"Girl",13
7644,"Boy",15
4566,"Girl",13
6392,"Boy",15
3916,"Girl",13
675,"Boy",11
1589,"Boy",11
4090,"Girl",13
2421,"Girl",11
5792,"Girl",15
5375,"Girl",15
2534,"Boy",11
88,"Girl",11
4857,"Girl",13
5462,"Girl",15
6689,"Boy",15
1289,"Girl",11
1555,"Boy",11
7846,"Boy",15
6843,"Boy",15
6947,"Girl",15
189,"Girl",11
6905,"Boy",15
1896,"Boy",11
4059,"Boy",13
6959,"Girl",15
3114,"Boy",13
6487,"Boy",15
4560,"Girl",13
3286,"Boy",13
6378,"Boy",15
1772,"Girl",11
1780,"Girl",11
745,"Boy",11
504,"Boy",11
3582,"Girl",13
819,"Girl",11
3832,"Girl",13
1653,"Boy",11
3769,"Girl",13
7834,"Girl",15
4645,"Boy",13
4981,"Girl",13
2460,"Girl",13
6374,"Boy",15
3619,"Boy",13
3220,"Girl",13
6036,"Boy",15
3625,"Boy",13
1331,"Girl",11
1981,"Boy",11
3209,"Boy",13
133,"Girl",11
7016,"Girl",15
5332,"Girl",15
564,"Girl",11
2681,"Boy",11
3556,"Boy",13
1245,"Girl",11
389,"Boy",11
7515,"Girl",15
6428,"Boy",15
60,"Boy",11
427,"Boy",11
263,"Boy",11
4321,"Girl",13
1385,"Girl",11
7511,"Boy",15
2260,"Girl",11
7729,"Boy",15
3959,"Girl",13
7608,"Boy",15
1848,"Girl",11
3139,"Girl",13
7710,"Girl",15
3956,"Boy",13
7011,"Girl",15
73,"Boy",11
6960,"Girl",15
6910,"Boy",15
1927,"Girl",11
3267,"Boy",13
4283,"Girl",13
5633,"Boy",15
7390,"Girl",15
610,"Girl",11
3730,"Boy",15
1389,"Girl",11
5064,"Girl",15
4935,"Girl",13
7243,"Boy",15
5983,"Boy",15
4776,"Boy",13
3150,"Girl",13
7327,"Boy",15
108,"Boy",11
6421,"Boy",15
6313,"Girl",15
4432,"Boy",13
3483,"Girl",13
6739,"Girl",15
5901,"Girl",15
334,"Girl",11
3193,"Girl",13
6965,"Boy",15
1182,"Boy",11
3688,"Girl",13
4405,"Girl",13
4668,"Girl",13
1212,"Boy",11
2428,"Girl",11
3987,"Girl",13
836,"Girl",11
1423,"Boy",11
4732,"Girl",13
7352,"Boy",15
912,"Boy",11
7089,"Girl",15
4755,"Boy",13
6501,"Girl",15
2739,"Girl",13
3700,"Boy",13
5990,"Boy",15
1322,"Boy",11
3964,"Boy",13
6334,"Boy",15
2115,"Boy",11
2820,"Girl",13
1092,"Girl",11
7607,"Boy",15
2723,"Boy",13
7682,"Girl",15
3467,"Girl",13
727,"Girl",11
6216,"Girl",15
2194,"Boy",11
49,"Girl",11
7614,"Boy",15
6402,"Girl",15
5897,"Boy",15
1599,"Girl",11
7187,"Boy",15
7807,"Boy",15
5583,"Girl",15
5620,"Boy",15
3228,"Boy",13
6432,"Girl",15
1900,"Girl",11
4619,"Girl",13
2760,"Boy",13
359,"Boy",11
2592,"Girl",11
4213,"Girl",13
1843,"Boy",11
4817,"Girl",13
6728,"Girl",15
7052,"Boy",15
1129,"Girl",11
7526,"Girl",15
5783,"Girl",15
5348,"Boy",15
2331,"Boy",11
7686,"Girl",15
7379,"Girl",15
2704,"Girl",13
3047,"Boy",13
3983,"Girl",13
4026,"Boy",13
3984,"Boy",13
4576,"Girl",13
2841,"Girl",13
580,"Girl",11
100,"Boy",11
1305,"Boy",11
5634,"Girl",15
3157,"Boy",11
5608,"Boy",15
3690,"Girl",13
6787,"Boy",15
4498,"Girl",13
5674,"Girl",15
1665,"Boy",11
2489,"Girl",11
4236,"Boy",13
2621,"Boy",11
487,"Girl",11
1751,"Boy",11
418,"Boy",11
5696,"Girl",15
2665,"Boy",11
2682,"Boy",11
1360,"Girl",11
5479,"Girl",15
6413,"Boy",15
6188,"Boy",15
3481,"Boy",13
4572,"Boy",13
6889,"Boy",15
3104,"Boy",13
5619,"Girl",15
2307,"Boy",11
5895,"Girl",15
2581,"Boy",11
3190,"Girl",13
463,"Girl",11
5373,"Girl",15
7147,"Girl",15
3859,"Boy",13
127,"Boy",11
7670,"Boy",15
2636,"Boy",11
7305,"Boy",15
4877,"Boy",13
5263,"Boy",15
7549,"Boy",15
2448,"Girl",11
6783,"Boy",15
5224,"Girl",15
7700,"Girl",15
5728,"Boy",15
1364,"Girl",11
6336,"Girl",15
2286,"Girl",11
244,"Girl",11
3930,"Boy",13
5473,"Girl",15
5689,"Girl",15
6454,"Girl",15
4701,"Boy",13
6571,"Boy",15
1957,"Boy",11
6699,"Girl",15
1173,"Boy",11
1876,"Girl",11
4909,"Girl",13
7643,"Boy",15
7313,"Girl",15
1860,"Girl",11
5888,"Girl",15
2748,"Boy",13
5342,"Girl",15
115,"Girl",11
4403,"Boy",13
4455,"Girl",13
7556,"Girl",15
3367,"Girl",13
486,"Boy",11
599,"Girl",11
473,"Boy",11
2899,"Boy",13
4848,"Girl",13
2659,"Girl",11
6981,"Girl",15
3281,"Boy",13
4863,"Boy",13
4099,"Boy",13
7234,"Girl",15
1327,"Boy",11
7210,"Boy",15
152,"Girl",11
1206,"Boy",11
3259,"Girl",13
821,"Girl",11
2048,"Boy",11
3622,"Girl",13
1032,"Girl",11
2814,"Girl",13
5723,"Girl",15
7701,"Boy",15
6300,"Girl",15
2355,"Boy",11
1107,"Boy",11
1103,"Boy",11
7278,"Boy",15
6384,"Girl",15
4428,"Girl",13
7410,"Boy",15
3704,"Boy",13
5680,"Boy",15
2121,"Boy",11
2249,"Boy",11
2521,"Girl",11
4197,"Girl",13
105,"Girl",11
736,"Girl",11
751,"Girl",11
3939,"Girl",13
5799,"Girl",15
6670,"Girl",15
6730,"Boy",15
6620,"Girl",15
3629,"Girl",13
1634,"Girl",11
1535,"Girl",11
5239,"Girl",15
5300,"Boy",15
7377,"Boy",15
3201,"Boy",13
5739,"Girl",15
1261,"Girl",11
7674,"Boy",15
1273,"Girl",11
4790,"Boy",13
2501,"Girl",11
6704,"Girl",15
525,"Girl",11
5717,"Boy",15
6855,"Girl",15
3933,"Girl",13
5178,"Boy",15
6474,"Boy",15
4521,"Girl",13
6050,"Girl",15
2711,"Girl",13
988,"Girl",11
6002,"Boy",15
205,"Girl",11
3474,"Boy",13
6940,"Girl",15
3972,"Boy",13
2921,"Boy",13
6033,"Boy",15
7008,"Girl",15
7474,"Boy",15
7743,"Boy",15
1812,"Girl",11
1827,"Girl",11
3789,"Boy",13
3524,"Girl",13
1506,"Boy",11
2759,"Boy",13
7304,"Boy",15
4741,"Girl",13
2422,"Girl",11
1135,"Boy",11
2251,"Boy",11
4508,"Boy",13
2684,"Girl",11
2960,"Girl",13
237,"Girl",11
5565,"Girl",15
7321,"Boy",15
7785,"Boy",15
3783,"Girl",15
3543,"Girl",13
3760,"Girl",13
1447,"Boy",11
1523,"Boy",11
1874,"Girl",11
2178,"Girl",11
5415,"Boy",15
5389,"Girl",15
7136,"Boy",15
5523,"Boy",15
4773,"Boy",13
3275,"Girl",13
501,"Girl",11
3662,"Girl",13
5662,"Girl",15
4278,"Boy",13
1614,"Boy",11
5116,"Boy",15
7456,"Boy",15
3433,"Girl",13
908,"Girl",11
2890,"Boy",13
3806,"Girl",13
5958,"Girl",15
3415,"Boy",13
3794,"Boy",13
2246,"Boy",11
1757,"Boy",11
5623,"Girl",15
3087,"Girl",13
4730,"Girl",13
6780,"Boy",15
4756,"Boy",13
4010,"Boy",13
1786,"Girl",11
5013,"Girl",13
7520,"Boy",15
3229,"Girl",13
7509,"Girl",15
6635,"Girl",15
6830,"Girl",15
7176,"Girl",15
5843,"Boy",15
1304,"Boy",11
3668,"Boy",13
2862,"Boy",13
6803,"Boy",15
93,"Girl",11
7240,"Girl",15
2687,"Girl",11
3424,"Girl",13
4135,"Boy",13
6520,"Boy",15
4845,"Boy",13
775,"Boy",11
2234,"Boy",11
6141,"Boy",15
4252,"Girl",13
4825,"Boy",13
3608,"Girl",13
6011,"Girl",15
4795,"Girl",13
7054,"Boy",15
845,"Boy",11
1811,"Boy",11
4229,"Girl",13
747,"Boy",11
1029,"Boy",11
4702,"Boy",13
6555,"Boy",15
4789,"Girl",13
672,"Girl",11
1763,"Boy",11
5481,"Girl",15
3036,"Boy",13
1949,"Boy",11
4075,"Girl",13
46,"Boy",11
7378,"Girl",15
4851,"Girl",13
6790,"Girl",15
6747,"Girl",15
118,"Girl",11
7773,"Boy",15
2394,"Girl",11
965,"Girl",11
996,"Girl",11
1750,"Boy",11
424,"Boy",11
4568,"Boy",15
1060,"Boy",11
5624,"Boy",15
1209,"Girl",11
6227,"Girl",15
1369,"Boy",11
6477,"Girl",15
7567,"Boy",15
5138,"Girl",15
3969,"Boy",13
41,"Girl",11
399,"Boy",11
1770,"Boy",11
5591,"Girl",15
5073,"Girl",15
3934,"Boy",13
6211,"Boy",15
7437,"Girl",15
4833,"Girl",13
1884,"Boy",11
496,"Girl",11
6922,"Girl",15
539,"Girl",11
2485,"Girl",11
7150,"Boy",15
4910,"Girl",13
1503,"Boy",11
1358,"Boy",11
6311,"Boy",15
5165,"Boy",15
6781,"Boy",15
2783,"Boy",13
6343,"Boy",15
7691,"Girl",15
1685,"Girl",11
6042,"Boy",15
7120,"Girl",15
7756,"Girl",15
4683,"Boy",13
6886,"Girl",15
976,"Boy",11
2812,"Boy",13
4538,"Girl",13
3536,"Boy",13
3418,"Boy",13
3793,"Boy",13
6506,"Girl",15
5820,"Girl",15
4016,"Boy",13
1016,"Girl",11
1825,"Boy",11
457,"Girl",11
1306,"Boy",11
6024,"Girl",15
3149,"Girl",13
240,"Girl",11
7462,"Girl",15
5684,"Boy",15
2661,"Girl",11
469,"Boy",11
5480,"Girl",15
7407,"Girl",15
4783,"Boy",13
243,"Boy",11
2824,"Boy",13
3350,"Boy",13
7775,"Boy",15
6518,"Girl",15
6422,"Boy",15
6785,"Boy",15
732,"Girl",11
6953,"Girl",15
3650,"Girl",13
2827,"Girl",13
7508,"Girl",15
6213,"Boy",15
7364,"Boy",15
1175,"Girl",11
4219,"Boy",13
369,"Boy",11
6275,"Girl",15
5172,"Girl",15
2131,"Boy",11
631,"Boy",11
7345,"Girl",15
1085,"Girl",11
4387,"Girl",13
4554,"Girl",13
6437,"Boy",15
5100,"Boy",15
2623,"Girl",11
5356,"Boy",15
1659,"Girl",11
5106,"Boy",15
890,"Boy",11
7414,"Girl",15
858,"Boy",11
6682,"Girl",15
3882,"Boy",13
2933,"Boy",13
6799,"Girl",15
3717,"Boy",15
4183,"Boy",13
6242,"Boy",15
3634,"Girl",13
3749,"Boy",13
6295,"Girl",15
6942,"Boy",15
1114,"Girl",11
3705,"Boy",13
6350,"Boy",15
4723,"Boy",13
673,"Girl",11
7242,"Girl",15
7658,"Girl",15
6124,"Boy",15
4240,"Boy",13
5120,"Girl",15
5160,"Girl",15
6064,"Girl",15
1064,"Boy",11
2157,"Girl",11
3963,"Boy",13
2472,"Boy",11
268,"Girl",11
3816,"Boy",13
2208,"Girl",11
6027,"Boy",15
7650,"Boy",15
3238,"Girl",13
1658,"Boy",13
2357,"Boy",11
1452,"Girl",11
4588,"Girl",13
3185,"Boy",13
5923,"Girl",15
2967,"Boy",13
3562,"Girl",13
3610,"Girl",13
2459,"Boy",11
3345,"Girl",13
4142,"Boy",13
2003,"Boy",11
3276,"Girl",13
5842,"Boy",15
1154,"Boy",11
4261,"Girl",13
260,"Girl",11
2541,"Boy",11
2045,"Boy",13
292,"Boy",11
1571,"Girl",11
2800,"Girl",13
2156,"Girl",11
3917,"Girl",13
4797,"Boy",13
6837,"Girl",15
4098,"Boy",13
6897,"Girl",15
5779,"Girl",15
1000,"Girl",11
6277,"Girl",15
4013,"Boy",13
7297,"Boy",15
7530,"Boy",15
5330,"Boy",15
5932,"Girl",15
951,"Boy",11
7653,"Boy",15
4385,"Boy",13
3707,"Girl",13
2712,"Girl",13
153,"Girl",11
6523,"Girl",15
1661,"Girl",11
3224,"Boy",13
7195,"Girl",15
2895,"Boy",13
4316,"Boy",13
7482,"Girl",15
7450,"Girl",15
2,"Boy",11
1847,"Girl",11
3232,"Girl",13
6634,"Boy",15
5294,"Boy",15
6151,"Boy",15
5870,"Girl",15
3962,"Girl",13
3068,"Girl",13
2886,"Boy",13
7540,"Girl",15
3155,"Boy",11
4680,"Girl",13
3360,"Girl",13
4015,"Boy",13
6041,"Boy",15
7493,"Girl",15
901,"Girl",11
1695,"Boy",11
4299,"Girl",13
2686,"Girl",11
7401,"Girl",15
7569,"Boy",15
5543,"Boy",15
937,"Boy",11
7362,"Girl",15
7192,"Girl",15
1148,"Boy",11
2798,"Boy",13
1941,"Girl",11
5097,"Boy",15
582,"Girl",11
7578,"Boy",15
3026,"Boy",13
4942,"Boy",13
2283,"Girl",11
7159,"Boy",15
4480,"Boy",13
5434,"Girl",15
3721,"Boy",13
6121,"Boy",15
647,"Boy",11
6131,"Girl",15
7386,"Girl",15
5180,"Boy",15
3866,"Girl",13
2338,"Boy",11
2290,"Girl",11
3596,"Boy",13
2700,"Girl",13
4408,"Girl",13
6187,"Girl",15
4399,"Girl",13
39,"Girl",11
68,"Boy",11
2130,"Boy",11
7316,"Girl",15
4182,"Girl",13
5540,"Girl",15
5973,"Girl",15
3217,"Boy",13
4758,"Boy",13
6130,"Girl",15
7317,"Girl",15
1422,"Girl",11
7693,"Boy",15
7048,"Boy",15
7594,"Girl",15
234,"Boy",11
3909,"Girl",13
5827,"Girl",15
5828,"Girl",15
7082,"Girl",15
2011,"Boy",11
2673,"Girl",11
3230,"Girl",13
156,"Boy",11
1166,"Girl",11
7422,"Girl",15
1608,"Girl",11
7088,"Girl",15
2961,"Boy",13
7759,"Boy",15
1701,"Boy",13
6539,"Boy",15
2478,"Girl",11
1909,"Boy",11
6133,"Girl",15
3925,"Boy",13
6312,"Boy",15
7757,"Boy",15
468,"Girl",11
4964,"Girl",13
7267,"Boy",15
5213,"Boy",15
5288,"Girl",15
5777,"Girl",15
759,"Girl",11
109,"Boy",11
5659,"Girl",15
7074,"Boy",15
5786,"Girl",15
7191,"Boy",15
5668,"Boy",15
4329,"Boy",13
2225,"Girl",11
7038,"Boy",15
1104,"Boy",11
4990,"Girl",13
5514,"Boy",15
6078,"Boy",15
445,"Girl",11
1533,"Girl",11
4649,"Girl",13
6664,"Girl",15
691,"Boy",11
2183,"Girl",11
5821,"Girl",15
6369,"Boy",15
2147,"Girl",11
6453,"Boy",15
2526,"Girl",11
5701,"Boy",15
7116,"Boy",15
4899,"Boy",13
1995,"Boy",11
2110,"Girl",11
3296,"Girl",13
4593,"Boy",13
6995,"Boy",15
339,"Boy",11
7819,"Girl",15
5651,"Girl",15
6324,"Girl",15
4772,"Girl",13
893,"Boy",11
7300,"Girl",15
1760,"Girl",11
6302,"Boy",15
5167,"Girl",15
6164,"Girl",15
4840,"Boy",13
6577,"Girl",15
536,"Girl",11
841,"Boy",11
7830,"Girl",15
1254,"Girl",11
7323,"Boy",15
2100,"Boy",11
4716,"Boy",13
3687,"Girl",13
1014,"Girl",11
824,"Girl",11
6190,"Girl",15
3801,"Girl",13
4254,"Boy",13
7244,"Girl",15
209,"Boy",11
1588,"Boy",11
7581,"Girl",15
1225,"Girl",11
6183,"Girl",15
6229,"Boy",15
4852,"Boy",13
3027,"Boy",13
4504,"Girl",13
4227,"Boy",13
6925,"Girl",15
7369,"Boy",15
6812,"Girl",15
2445,"Girl",11
658,"Boy",11
3009,"Girl",13
6038,"Boy",15
2625,"Boy",11
3178,"Girl",13
2332,"Girl",11
6189,"Girl",15
1352,"Boy",11
5765,"Girl",15
7633,"Boy",15
1045,"Boy",11
3579,"Boy",13
3605,"Girl",13
103,"Girl",11
4591,"Girl",13
5125,"Boy",15
5603,"Boy",15
853,"Boy",11
7535,"Boy",15
5303,"Girl",15
4812,"Boy",13
7351,"Boy",15
1468,"Girl",11
2305,"Girl",11
5015,"Girl",13
5749,"Girl",15
7787,"Girl",15
3402,"Girl",13
5340,"Girl",15
7639,"Girl",15
7435,"Girl",15
1130,"Girl",11
6401,"Boy",15
5982,"Boy",15
4152,"Girl",13
3674,"Boy",13
5747,"Girl",15
4986,"Girl",13
3060,"Boy",13
6717,"Boy",15
2243,"Boy",11
5712,"Girl",15
4451,"Boy",13
1943,"Girl",11
443,"Boy",11
4733,"Girl",13
5274,"Girl",15
5022,"Girl",13
27,"Boy",11
4003,"Girl",13
5136,"Girl",15
3937,"Girl",13
6303,"Boy",15
7599,"Girl",15
835,"Boy",11
5551,"Girl",15
3394,"Boy",13
6379,"Boy",15
7798,"Girl",15
570,"Girl",11
3734,"Boy",13
7762,"Girl",15
5553,"Boy",15
4081,"Boy",13
3971,"Boy",13
972,"Girl",11
5756,"Boy",15
130,"Boy",11
6023,"Girl",15
2010,"Girl",11
4759,"Boy",13
6585,"Girl",15
1005,"Girl",11
7076,"Boy",15
6441,"Boy",15
1651,"Girl",11
4950,"Boy",13
1601,"Boy",11
1877,"Girl",11
7177,"Boy",15
7708,"Boy",15
3315,"Girl",13
7801,"Boy",15
1505,"Girl",11
5508,"Boy",15
5426,"Girl",15
423,"Boy",11
4597,"Boy",13
3023,"Girl",13
7153,"Boy",15
3101,"Girl",13
942,"Boy",11
3607,"Girl",13
5039,"Boy",15
4634,"Girl",13
1480,"Boy",13
3514,"Boy",13
2158,"Boy",11
7625,"Girl",15
6769,"Boy",15
7043,"Boy",15
1120,"Boy",11
2732,"Girl",13
1639,"Boy",11
4014,"Girl",13
6572,"Girl",15
1243,"Boy",11
581,"Boy",11
2905,"Girl",13
3923,"Boy",13
5062,"Girl",15
6898,"Girl",15
3849,"Girl",13
591,"Girl",11
7828,"Girl",15
1775,"Girl",11
2577,"Boy",11
5313,"Girl",15
1559,"Boy",11
6161,"Boy",15
2314,"Girl",11
7104,"Girl",15
2134,"Boy",11
2825,"Girl",13
3635,"Girl",13
40,"Boy",11
5572,"Girl",15
2192,"Boy",11
368,"Boy",11
3025,"Girl",13
663,"Boy",11
2941,"Boy",13
2807,"Girl",13
7734,"Girl",15
5083,"Boy",15
6757,"Girl",15
7275,"Girl",15
2281,"Girl",11
4201,"Boy",13
1177,"Girl",11
5392,"Girl",15
461,"Boy",11
7471,"Girl",15
2876,"Boy",13
4126,"Girl",13
6972,"Girl",15
3871,"Girl",13
6636,"Boy",15
5561,"Boy",15
7037,"Girl",15
7491,"Boy",15
4890,"Girl",13
6080,"Boy",15
2263,"Boy",11
7261,"Girl",15
4351,"Boy",13
4951,"Boy",13
4168,"Girl",13
3797,"Girl",13
981,"Boy",11
6744,"Boy",15
4247,"Boy",13
7004,"Boy",15
773,"Boy",11
4124,"Girl",13
1223,"Boy",11
5326,"Boy",15
6366,"Boy",15
6638,"Boy",15
7738,"Boy",15
3880,"Boy",13
2429,"Girl",11
6365,"Boy",15
5725,"Girl",15
2934,"Girl",13
5171,"Girl",15
1802,"Girl",11
3515,"Girl",13
5966,"Boy",15
6290,"Girl",15
5881,"Boy",15
7103,"Girl",15
4768,"Girl",13
2322,"Girl",11
3280,"Boy",13
5139,"Boy",15
1222,"Girl",11
2545,"Boy",11
2060,"Boy",11
5731,"Boy",15
2072,"Girl",11
6633,"Girl",15
4831,"Girl",13
2698,"Girl",13
3855,"Boy",13
3028,"Boy",13
3140,"Girl",13
7503,"Boy",15
3862,"Boy",13
4816,"Girl",13
129,"Girl",11
2912,"Boy",13
1252,"Girl",11
734,"Boy",11
3166,"Boy",13
1142,"Boy",11
6695,"Girl",15
3465,"Boy",13
4018,"Boy",13
862,"Boy",11
5277,"Girl",15
5177,"Boy",15
9,"Girl",11
5469,"Boy",15
5147,"Girl",15
7699,"Boy",15
5169,"Girl",15
4682,"Boy",13
7114,"Girl",15
4228,"Girl",13
2109,"Boy",11
2396,"Girl",11
72,"Boy",11
3421,"Boy",13
2186,"Boy",11
4045,"Boy",13
5196,"Girl",15
5655,"Girl",15
4073,"Girl",13
1991,"Girl",11
820,"Boy",11
6212,"Boy",15
3364,"Boy",13
5790,"Boy",15
1224,"Boy",11
303,"Girl",11
4005,"Girl",13
7032,"Girl",15
3878,"Boy",13
3428,"Boy",13
3645,"Boy",13
1096,"Boy",11
7359,"Girl",15
5775,"Boy",15
3442,"Boy",13
7388,"Girl",15
7412,"Boy",15
5947,"Girl",15
7719,"Boy",15
7372,"Girl",15
4221,"Girl",13
7394,"Boy",15
175,"Girl",11
4862,"Girl",13
456,"Boy",11
1736,"Girl",11
7012,"Girl",15
2174,"Girl",11
2938,"Boy",13
7589,"Girl",15
1686,"Girl",11
5803,"Boy",15
5476,"Girl",15
7111,"Girl",15
2483,"Boy",11
488,"Girl",11
4207,"Boy",13
149,"Girl",11
3004,"Boy",13
4404,"Girl",13
5221,"Girl",15
7840,"Boy",15
7856,"Girl",15
2828,"Boy",13
2597,"Girl",11
7632,"Girl",15
1495,"Girl",11
4297,"Girl",13
5592,"Girl",15
6751,"Boy",15
6435,"Boy",15
6881,"Girl",15
4519,"Boy",13
7381,"Girl",15
5869,"Girl",15
6327,"Girl",15
4359,"Boy",13
5757,"Girl",15
4286,"Boy",13
7528,"Boy",15
6206,"Girl",15
1618,"Boy",11
7406,"Boy",15
7125,"Girl",15
5271,"Girl",15
3644,"Boy",13
5818,"Girl",15
2666,"Girl",11
1597,"Girl",11
2256,"Boy",11
6809,"Boy",15
4068,"Boy",13
7836,"Girl",15
2685,"Girl",11
3812,"Girl",13
3064,"Girl",13
442,"Girl",11
2804,"Boy",13
892,"Girl",11
1030,"Girl",11
4181,"Boy",13
4954,"Boy",13
6200,"Girl",15
4164,"Girl",13
306,"Boy",11
7224,"Girl",15
561,"Girl",11
6597,"Girl",15
5132,"Girl",15
1019,"Boy",11
880,"Boy",11
6746,"Girl",15
4562,"Girl",13
1459,"Girl",11
1675,"Girl",11
1218,"Girl",11
3710,"Boy",13
3673,"Boy",13
6269,"Boy",15
6906,"Boy",15
6308,"Girl",15
7452,"Boy",15
7220,"Girl",15
181,"Boy",11
4523,"Boy",13
5918,"Boy",15
459,"Boy",11
6554,"Boy",15
6405,"Boy",15
6568,"Boy",15
4726,"Girl",13
6479,"Girl",15
6847,"Girl",15
907,"Girl",11
3563,"Boy",13
5207,"Girl",15
2477,"Girl",11
6473,"Girl",15
4672,"Girl",13
6561,"Girl",15
1821,"Girl",11
6629,"Girl",15
786,"Girl",11
4055,"Boy",13
7816,"Girl",15
6372,"Boy",15
4626,"Girl",13
6049,"Boy",15
3637,"Boy",13
5075,"Girl",15
2033,"Boy",11
3302,"Boy",13
6694,"Girl",15
2753,"Girl",13
1596,"Boy",11
3974,"Boy",13
541,"Boy",11
6264,"Girl",15
4146,"Girl",13
6784,"Boy",15
6749,"Girl",15
7140,"Girl",15
329,"Boy",11
3385,"Boy",13
746,"Girl",11
783,"Boy",11
3412,"Boy",13
4379,"Girl",13
5293,"Boy",15
5549,"Girl",15
5494,"Girl",15
247,"Girl",11
2859,"Boy",13
3153,"Boy",11
5819,"Boy",15
5987,"Boy",15
4932,"Girl",13
5809,"Boy",15
1394,"Girl",11
6513,"Boy",15
169,"Boy",11
6058,"Boy",15
163,"Girl",11
3904,"Boy",13
5407,"Girl",15
3278,"Boy",13
1907,"Girl",11
826,"Girl",11
2610,"Boy",11
827,"Girl",11
4704,"Girl",13
3225,"Girl",13
3015,"Boy",13
4350,"Boy",13
1413,"Boy",11
4154,"Girl",13
6708,"Girl",15
1861,"Boy",11
6179,"Girl",15
6701,"Boy",15
941,"Girl",11
3404,"Boy",13
6099,"Boy",15
4995,"Boy",13
3410,"Girl",13
6003,"Boy",15
6359,"Girl",15
6363,"Girl",15
5951,"Boy",15
4861,"Girl",13
5157,"Boy",15
3388,"Girl",13
1189,"Girl",11
2916,"Boy",13
3098,"Girl",13
2182,"Boy",11
7001,"Girl",15
557,"Girl",11
6958,"Girl",15
4421,"Girl",13
5243,"Boy",15
4420,"Boy",13
5729,"Boy",15
1682,"Boy",11
6681,"Boy",15
1853,"Girl",11
6887,"Girl",15
5997,"Boy",15
5237,"Boy",15
4080,"Boy",13
2764,"Boy",13
5748,"Boy",15
7002,"Girl",15
6456,"Girl",15
7168,"Girl",15
1257,"Boy",11
2117,"Boy",11
5358,"Boy",15
4061,"Boy",13
4121,"Boy",13
7726,"Girl",15
5730,"Boy",15
1371,"Girl",11
3574,"Boy",13
6888,"Boy",15
6282,"Boy",15
6522,"Girl",15
4215,"Boy",13
7233,"Girl",15
6516,"Girl",15
1837,"Boy",11
7654,"Girl",15
1854,"Girl",11
150,"Boy",11
2583,"Girl",11
2593,"Girl",11
2059,"Boy",11
5199,"Girl",15
3758,"Boy",13
4955,"Boy",13
6885,"Girl",15
4159,"Boy",13
1971,"Girl",11
731,"Girl",11
3019,"Girl",13
1155,"Boy",11
7025,"Boy",15
6279,"Girl",15
4162,"Boy",13
3134,"Boy",13
6806,"Girl",15
6429,"Girl",15
879,"Boy",11
6896,"Girl",15
5297,"Boy",15
5495,"Boy",15
5233,"Boy",15
1179,"Boy",11
633,"Girl",11
4426,"Boy",13
5893,"Girl",15
7866,"Boy",15
200,"Girl",11
4282,"Girl",13
6543,"Boy",15
2268,"Girl",11
735,"Girl",11
4622,"Boy",13
6307,"Girl",15
6546,"Girl",15
2655,"Girl",11
5151,"Boy",15
6587,"Girl",15
7034,"Girl",15
3774,"Girl",13
7182,"Girl",15
6865,"Girl",15
5103,"Boy",15
4947,"Girl",13
6484,"Boy",15
2308,"Boy",11
1366,"Boy",11
7155,"Boy",15
5968,"Girl",15
1940,"Girl",11
6973,"Girl",15
4400,"Boy",13
4973,"Boy",13
2026,"Girl",11
4627,"Boy",13
2020,"Boy",11
2699,"Girl",13
7053,"Boy",15
1674,"Girl",11
7722,"Girl",15
6602,"Girl",15
1729,"Boy",11
2761,"Boy",13
5652,"Girl",15
2839,"Girl",13
5632,"Boy",15
6256,"Boy",15
3965,"Boy",13
1776,"Boy",11
7818,"Boy",15
1355,"Girl",11
2177,"Girl",11
6964,"Boy",15
2469,"Girl",11
2516,"Boy",11
385,"Boy",11
3755,"Girl",13
4557,"Boy",13
6175,"Boy",15
3138,"Boy",13
1382,"Girl",11
1101,"Girl",11
4810,"Boy",13
5886,"Girl",15
3264,"Girl",13
1778,"Girl",11
1039,"Boy",11
7660,"Girl",15
1852,"Girl",11
5587,"Boy",15
2607,"Boy",11
7640,"Boy",15
6818,"Boy",15
2717,"Girl",13
